what,kind,bundleId,bundleVersion,description,time
executed,command,org.eclipse.ui,3.7.0.I20110602-0100,"org.eclipse.ui.file.exit",1331159665877
stopped,bundle,org.eclipse.jst.ws.axis.creation.ui,1.0.700.v201104070312,"org.eclipse.jst.ws.axis.creation.ui",1331159666033
error,log,,,"Problems occurred when invoking code from plug-in: ""org.eclipse.team.ui"".",1331159666033
stopped,bundle,org.eclipse.jst.ws.axis.consumption.ui,1.0.505.v201004211805,"org.eclipse.jst.ws.axis.consumption.ui",1331159666049
stopped,bundle,org.eclipse.jst.ws.axis.consumption.core,1.0.407.v201104071820,"org.eclipse.jst.ws.axis.consumption.core",1331159666049
stopped,bundle,org.eclipse.jst.ws.axis2.creation.ui,1.0.104.v201004211805,"org.eclipse.jst.ws.axis2.creation.ui",1331159666049
stopped,bundle,org.eclipse.jst.ws.axis2.consumption.ui,1.0.103.v201004211805,"org.eclipse.jst.ws.axis2.consumption.ui",1331159666049
stopped,bundle,org.eclipse.jst.ws.axis2.creation.core,1.0.106.v201004211805,"org.eclipse.jst.ws.axis2.creation.core",1331159666064
stopped,bundle,org.eclipse.jst.ws.axis2.consumption.core,1.0.105.v201004211805,"org.eclipse.jst.ws.axis2.consumption.core",1331159666064
stopped,bundle,org.eclipse.jst.ws.axis2.ui,1.0.303.v201003110431,"org.eclipse.jst.ws.axis2.ui",1331159666064
stopped,bundle,org.eclipse.jst.ws.axis2.core,1.0.204.v201004211805,"org.eclipse.jst.ws.axis2.core",1331159666064
stopped,bundle,org.eclipse.jst.ws.cxf.creation.ui,1.0.100.v201104022153,"org.eclipse.jst.ws.cxf.creation.ui",1331159666064
stopped,bundle,org.eclipse.jst.ws.creation.ui,1.0.609.v201103082016,"org.eclipse.jst.ws.creation.ui",1331159666064
stopped,bundle,org.eclipse.jst.ws.cxf.consumption.ui,1.0.0.v201003222311,"org.eclipse.jst.ws.cxf.consumption.ui",1331159666080
activated,perspective,org.eclipse.team.ui,,"org.eclipse.team.ui.TeamSynchronizingPerspective",1331217937726
started,bundle,org.eclipse.osgi,3.7.1.R37x_v20110808-1106,"org.eclipse.osgi",1331217937726
started,bundle,org.eclipse.equinox.simpleconfigurator,1.0.200.v20110502-1955,"org.eclipse.equinox.simpleconfigurator",1331217937726
started,bundle,com.ibm.icu,4.4.2.v20110208,"com.ibm.icu",1331217937726
started,bundle,org.eclipse.compare,3.5.201.R37x_v20110817-0800,"org.eclipse.compare",1331217937741
started,bundle,org.eclipse.compare.core,3.5.200.I20110208-0800,"org.eclipse.compare.core",1331217937741
started,bundle,org.eclipse.core.contenttype,3.4.100.v20110423-0524,"org.eclipse.core.contenttype",1331217937741
started,bundle,org.eclipse.core.databinding.observable,1.4.0.I20110222-0800,"org.eclipse.core.databinding.observable",1331217937741
started,bundle,org.eclipse.core.expressions,3.4.300.v20110228,"org.eclipse.core.expressions",1331217937741
started,bundle,org.eclipse.core.filebuffers,3.5.200.v20110505-0800,"org.eclipse.core.filebuffers",1331217937741
started,bundle,org.eclipse.core.filesystem,1.3.100.v20110423-0524,"org.eclipse.core.filesystem",1331217937741
started,bundle,org.eclipse.core.jobs,3.5.100.v20110404,"org.eclipse.core.jobs",1331217937757
started,bundle,org.eclipse.core.net,1.2.100.I20110511-0800,"org.eclipse.core.net",1331217937757
started,bundle,org.eclipse.core.resources,3.7.100.v20110510-0712,"org.eclipse.core.resources",1331217937757
started,bundle,org.eclipse.core.runtime,3.7.0.v20110110,"org.eclipse.core.runtime",1331217937757
started,bundle,org.eclipse.core.runtime.compatibility,3.2.100.v20100505,"org.eclipse.core.runtime.compatibility",1331217937757
started,bundle,org.eclipse.core.runtime.compatibility.auth,3.2.200.v20110110,"org.eclipse.core.runtime.compatibility.auth",1331217937757
started,bundle,org.eclipse.debug.core,3.7.0.v20110518,"org.eclipse.debug.core",1331217937757
started,bundle,org.eclipse.debug.ui,3.7.101.v20110817_r371,"org.eclipse.debug.ui",1331217937757
started,bundle,org.eclipse.emf.common,2.7.0.v20110912-0920,"org.eclipse.emf.common",1331217937757
started,bundle,org.eclipse.emf.ecore,2.7.0.v20110912-0920,"org.eclipse.emf.ecore",1331217937757
started,bundle,org.eclipse.emf.ecore.xmi,2.7.0.v20110520-1406,"org.eclipse.emf.ecore.xmi",1331217937773
started,bundle,org.eclipse.epp.mpc.ui,1.1.1.I20110907-0947,"org.eclipse.epp.mpc.ui",1331217937773
started,bundle,org.eclipse.epp.usagedata.gathering,1.3.1.R201106061540,"org.eclipse.epp.usagedata.gathering",1331217937773
started,bundle,org.eclipse.epp.usagedata.recording,1.3.1.R201106061540,"org.eclipse.epp.usagedata.recording",1331217937773
started,bundle,org.eclipse.equinox.app,1.3.100.v20110321,"org.eclipse.equinox.app",1331217937773
started,bundle,org.eclipse.equinox.common,3.6.0.v20110523,"org.eclipse.equinox.common",1331217937773
started,bundle,org.eclipse.equinox.ds,1.3.1.R37x_v20110701,"org.eclipse.equinox.ds",1331217937773
started,bundle,org.eclipse.equinox.event,1.2.100.v20110502,"org.eclipse.equinox.event",1331217937773
started,bundle,org.eclipse.equinox.p2.core,2.1.0.v20110502-1955,"org.eclipse.equinox.p2.core",1331217937773
started,bundle,org.eclipse.equinox.p2.directorywatcher,1.0.300.v20110502-1955,"org.eclipse.equinox.p2.directorywatcher",1331217937788
started,bundle,org.eclipse.equinox.p2.engine,2.1.0.v20110511,"org.eclipse.equinox.p2.engine",1331217937788
started,bundle,org.eclipse.equinox.p2.metadata,2.1.0.v20110510,"org.eclipse.equinox.p2.metadata",1331217937788
started,bundle,org.eclipse.equinox.p2.metadata.repository,1.2.0.v20110511-1359,"org.eclipse.equinox.p2.metadata.repository",1331217937788
started,bundle,org.eclipse.equinox.p2.operations,2.1.0.v20110511-1821,"org.eclipse.equinox.p2.operations",1331217937788
started,bundle,org.eclipse.equinox.p2.reconciler.dropins,1.1.100.v20110510,"org.eclipse.equinox.p2.reconciler.dropins",1331217937804
started,bundle,org.eclipse.equinox.p2.repository,2.1.0.v20110601,"org.eclipse.equinox.p2.repository",1331217937804
started,bundle,org.eclipse.equinox.p2.ui.sdk.scheduler,1.0.100.v20110502-1955,"org.eclipse.equinox.p2.ui.sdk.scheduler",1331217937804
started,bundle,org.eclipse.equinox.p2.updatechecker,1.1.200.v20110502-1955,"org.eclipse.equinox.p2.updatechecker",1331217937804
started,bundle,org.eclipse.equinox.preferences,3.4.1.R37x_v20110725,"org.eclipse.equinox.preferences",1331217937804
started,bundle,org.eclipse.equinox.registry,3.5.101.R37x_v20110810-1611,"org.eclipse.equinox.registry",1331217937804
started,bundle,org.eclipse.equinox.security,1.1.1.R37x_v20110822-1018,"org.eclipse.equinox.security",1331217937804
started,bundle,org.eclipse.equinox.util,1.0.300.v20110502,"org.eclipse.equinox.util",1331217937819
started,bundle,org.eclipse.help,3.5.100.v20110426,"org.eclipse.help",1331217937819
started,bundle,org.eclipse.jdt.core,3.7.1.v_B76_R37x,"org.eclipse.jdt.core",1331217937819
started,bundle,org.eclipse.jem,2.0.500.v201104271400,"org.eclipse.jem",1331217937835
started,bundle,org.eclipse.jem.util,2.1.100.v201103021400,"org.eclipse.jem.util",1331217937835
started,bundle,org.eclipse.jem.workbench,2.0.400.v201104251400,"org.eclipse.jem.workbench",1331217937835
started,bundle,org.eclipse.jface,3.7.0.I20110522-1430,"org.eclipse.jface",1331217937835
started,bundle,org.eclipse.jsch.core,1.1.300.I20110514-0800,"org.eclipse.jsch.core",1331217937835
started,bundle,org.eclipse.jst.common.project.facet.core,1.4.200.v201103170302,"org.eclipse.jst.common.project.facet.core",1331217937835
started,bundle,org.eclipse.jst.j2ee,1.1.501.v201108231845,"org.eclipse.jst.j2ee",1331217937991
started,bundle,org.eclipse.jst.j2ee.core,1.2.101.v201108110300,"org.eclipse.jst.j2ee.core",1331217937991
started,bundle,org.eclipse.jst.ws.jaxrs.core,1.0.301.v201108240656,"org.eclipse.jst.ws.jaxrs.core",1331217937991
started,bundle,org.eclipse.jst.ws.jaxws.utils,1.0.0.v201004171919,"org.eclipse.jst.ws.jaxws.utils",1331217937991
started,bundle,org.eclipse.mylyn.bugzilla.core,3.6.2.v20110903-0100,"org.eclipse.mylyn.bugzilla.core",1331217937991
started,bundle,org.eclipse.mylyn.bugzilla.ui,3.6.0.v20110608-1400,"org.eclipse.mylyn.bugzilla.ui",1331217937991
started,bundle,org.eclipse.mylyn.commons.identity,0.8.0.v20110608-1400,"org.eclipse.mylyn.commons.identity",1331217937991
started,bundle,org.eclipse.mylyn.commons.net,3.6.0.v20110608-1400,"org.eclipse.mylyn.commons.net",1331217937991
started,bundle,org.eclipse.mylyn.commons.ui,3.6.1.v20110720-0100,"org.eclipse.mylyn.commons.ui",1331217937991
started,bundle,org.eclipse.mylyn.context.core,3.6.1.v20110720-0100,"org.eclipse.mylyn.context.core",1331217937991
started,bundle,org.eclipse.mylyn.context.ui,3.6.0.v20110608-1400,"org.eclipse.mylyn.context.ui",1331217938007
started,bundle,org.eclipse.mylyn.monitor.ui,3.6.0.v20110608-1400,"org.eclipse.mylyn.monitor.ui",1331217938007
started,bundle,org.eclipse.mylyn.tasks.ui,3.6.2.v20110826-0100,"org.eclipse.mylyn.tasks.ui",1331217938007
started,bundle,org.eclipse.mylyn.team.ui,3.6.1.v20110825-0100,"org.eclipse.mylyn.team.ui",1331217938007
started,bundle,org.eclipse.search,3.7.0.v20110505-0800,"org.eclipse.search",1331217938007
started,bundle,org.eclipse.team.core,3.6.0.I20110525-0800,"org.eclipse.team.core",1331217938007
started,bundle,org.eclipse.team.cvs.core,3.3.400.I20110510-0800,"org.eclipse.team.cvs.core",1331217938007
started,bundle,org.eclipse.team.cvs.ui,3.3.400.I20110510-0800,"org.eclipse.team.cvs.ui",1331217938023
started,bundle,org.eclipse.team.ui,3.6.100.I20110525-0800,"org.eclipse.team.ui",1331217938023
started,bundle,org.eclipse.ui,3.7.0.I20110602-0100,"org.eclipse.ui",1331217938023
started,bundle,org.eclipse.ui.console,3.5.100.v20110511,"org.eclipse.ui.console",1331217938023
started,bundle,org.eclipse.ui.editors,3.7.0.v20110517-0800,"org.eclipse.ui.editors",1331217938023
started,bundle,org.eclipse.ui.forms,3.5.100.v20110425,"org.eclipse.ui.forms",1331217938023
started,bundle,org.eclipse.ui.ide,3.7.0.v20110809-1737,"org.eclipse.ui.ide",1331217938023
started,bundle,org.eclipse.ui.navigator,3.5.100.v20110809-2227,"org.eclipse.ui.navigator",1331217938023
started,bundle,org.eclipse.ui.net,1.2.100.I20110511-0800,"org.eclipse.ui.net",1331217938038
started,bundle,org.eclipse.ui.views,3.6.0.I20110412-0800,"org.eclipse.ui.views",1331217938038
started,bundle,org.eclipse.ui.workbench,3.7.0.I20110519-0100,"org.eclipse.ui.workbench",1331217938038
started,bundle,org.eclipse.ui.workbench.texteditor,3.7.0.v20110505-0800,"org.eclipse.ui.workbench.texteditor",1331217938038
started,bundle,org.eclipse.update.configurator,3.3.100.v20100512,"org.eclipse.update.configurator",1331217938038
started,bundle,org.eclipse.update.core,3.2.500.v20110330,"org.eclipse.update.core",1331217938054
started,bundle,org.eclipse.update.scheduler,3.2.300.v20100512,"org.eclipse.update.scheduler",1331217938054
started,bundle,org.eclipse.wst.common.core,1.2.0.v200908252030,"org.eclipse.wst.common.core",1331217938054
started,bundle,org.eclipse.wst.common.emf,1.2.100.v201101101900,"org.eclipse.wst.common.emf",1331217938054
started,bundle,org.eclipse.wst.common.emfworkbench.integration,1.2.101.v201107140600,"org.eclipse.wst.common.emfworkbench.integration",1331217938054
started,bundle,org.eclipse.wst.common.frameworks,1.2.101.v201107192200,"org.eclipse.wst.common.frameworks",1331217938054
started,bundle,org.eclipse.wst.common.frameworks.ui,1.2.100.v201105122000,"org.eclipse.wst.common.frameworks.ui",1331217938054
started,bundle,org.eclipse.wst.common.modulecore,1.2.101.v201108231700,"org.eclipse.wst.common.modulecore",1331217938054
started,bundle,org.eclipse.wst.common.project.facet.core,1.4.200.v201103170332,"org.eclipse.wst.common.project.facet.core",1331217938054
started,bundle,org.eclipse.wst.common.uriresolver,1.1.401.v201004280700,"org.eclipse.wst.common.uriresolver",1331217938069
started,bundle,org.eclipse.wst.css.core,1.1.500.v201104191926,"org.eclipse.wst.css.core",1331217938069
started,bundle,org.eclipse.wst.css.ui,1.0.600.v201103022054,"org.eclipse.wst.css.ui",1331217938069
started,bundle,org.eclipse.wst.dtd.core,1.1.501.v201107252021,"org.eclipse.wst.dtd.core",1331217938116
started,bundle,org.eclipse.wst.dtd.ui,1.0.600.v201103171359,"org.eclipse.wst.dtd.ui",1331217938116
started,bundle,org.eclipse.wst.html.core,1.1.501.v201109080146,"org.eclipse.wst.html.core",1331217938116
started,bundle,org.eclipse.wst.html.ui,1.0.601.v201108152113,"org.eclipse.wst.html.ui",1331217938116
started,bundle,org.eclipse.wst.internet.cache,1.0.400.v201004280700,"org.eclipse.wst.internet.cache",1331217938132
started,bundle,org.eclipse.wst.jsdt.core,1.1.101.v201108151912,"org.eclipse.wst.jsdt.core",1331217938132
started,bundle,org.eclipse.wst.jsdt.manipulation,1.0.300.v201104272153,"org.eclipse.wst.jsdt.manipulation",1331217938132
started,bundle,org.eclipse.wst.jsdt.ui,1.1.101.v201108151912,"org.eclipse.wst.jsdt.ui",1331217938132
started,bundle,org.eclipse.wst.jsdt.web.core,1.0.401.v201108152113,"org.eclipse.wst.jsdt.web.core",1331217938132
started,bundle,org.eclipse.wst.jsdt.web.ui,1.0.401.v201108152113,"org.eclipse.wst.jsdt.web.ui",1331217938148
started,bundle,org.eclipse.wst.sse.core,1.1.601.v201108151912,"org.eclipse.wst.sse.core",1331217938148
started,bundle,org.eclipse.wst.sse.ui,1.3.1.v201108191312,"org.eclipse.wst.sse.ui",1331217938148
started,bundle,org.eclipse.wst.validation,1.2.302.v201107140600,"org.eclipse.wst.validation",1331217938148
started,bundle,org.eclipse.wst.web,1.1.500.v201104251400,"org.eclipse.wst.web",1331217938148
started,bundle,org.eclipse.wst.xml.core,1.1.601.v201108302147,"org.eclipse.wst.xml.core",1331217938148
started,bundle,org.eclipse.wst.xml.ui,1.1.201.v201108151912,"org.eclipse.wst.xml.ui",1331217938163
started,bundle,org.eclipse.wst.xsl.core,1.1.100.v201102270516,"org.eclipse.wst.xsl.core",1331217938163
started,bundle,org.eclipse.wst.xsl.exslt.core,1.0.0.v201005240426,"org.eclipse.wst.xsl.exslt.core",1331217938163
started,bundle,org.eclipse.team.svn.core,0.7.9.I20110819-1700,"org.eclipse.team.svn.core",1331217938163
started,bundle,org.eclipse.team.svn.ui,0.7.9.I20110819-1700,"org.eclipse.team.svn.ui",1331217938163
started,bundle,org.polarion.eclipse.team.svn.connector.javahl15,2.2.2.I20110819-1700,"org.polarion.eclipse.team.svn.connector.javahl15",1331217938163
started,bundle,org.polarion.eclipse.team.svn.connector.javahl16,2.2.2.I20110819-1700,"org.polarion.eclipse.team.svn.connector.javahl16",1331217938163
started,bundle,org.polarion.eclipse.team.svn.connector.svnkit15,2.2.2.I20110819-1700,"org.polarion.eclipse.team.svn.connector.svnkit15",1331217938179
started,bundle,org.polarion.eclipse.team.svn.connector.svnkit16,2.2.2.I20110819-1700,"org.polarion.eclipse.team.svn.connector.svnkit16",1331217938179
started,bundle,org.polarion.eclipse.team.svn.connector.svnkit16l,2.2.2.I20110819-1700,"org.polarion.eclipse.team.svn.connector.svnkit16l",1331217938179
started,bundle,org.eclipse.dltk.core,3.0.1.v20110823,"org.eclipse.dltk.core",1331217938179
started,bundle,org.eclipse.dltk.core.index.sql,3.0.0.v20110423,"org.eclipse.dltk.core.index.sql",1331217938179
started,bundle,org.eclipse.dltk.core.index.sql.h2,3.0.0.v20110423,"org.eclipse.dltk.core.index.sql.h2",1331217938179
started,bundle,org.eclipse.dltk.launching,3.0.0.v20110423,"org.eclipse.dltk.launching",1331217938179
started,bundle,org.eclipse.dltk.ui,3.0.1.v20110823,"org.eclipse.dltk.ui",1331217938179
started,bundle,org.eclipse.php.core,3.0.0.v20110516-1100,"org.eclipse.php.core",1331217938179
started,bundle,org.eclipse.php.ui,3.0.0.v20110516-1100,"org.eclipse.php.ui",1331217938179
os,sysinfo,,,"win32",1331217938194
arch,sysinfo,,,"x86",1331217938194
ws,sysinfo,,,"win32",1331217938194
locale,sysinfo,,,"en_CA",1331217938194
processors,sysinfo,,,"4",1331217938194
java.runtime.name,sysinfo,,,"Java(TM) SE Runtime Environment",1331217938194
java.runtime.version,sysinfo,,,"1.6.0_29-b11",1331217938194
java.specification.name,sysinfo,,,"Java Platform API Specification",1331217938194
java.specification.vendor,sysinfo,,,"Sun Microsystems Inc.",1331217938194
java.specification.version,sysinfo,,,"1.6",1331217938194
java.vendor,sysinfo,,,"Sun Microsystems Inc.",1331217938194
java.version,sysinfo,,,"1.6.0_29",1331217938194
java.vm.info,sysinfo,,,"mixed mode, sharing",1331217938194
java.vm.name,sysinfo,,,"Java HotSpot(TM) Client VM",1331217938194
java.vm.specification.name,sysinfo,,,"Java Virtual Machine Specification",1331217938194
java.vm.specification.vendor,sysinfo,,,"Sun Microsystems Inc.",1331217938194
java.vm.specification.version,sysinfo,,,"1.0",1331217938194
java.vm.vendor,sysinfo,,,"Sun Microsystems Inc.",1331217938194
java.vm.version,sysinfo,,,"20.4-b02",1331217938194
opened,view,org.eclipse.ui.ide,3.7.0.v20110809-1737,"org.eclipse.ui.views.ProblemView",1331217938960
started,bundle,org.eclipse.dltk.validators.core,3.0.0.v20110423,"org.eclipse.dltk.validators.core",1331217941586
started,bundle,org.eclipse.dltk.validators.externalchecker,3.0.0.v20110423,"org.eclipse.dltk.validators.externalchecker",1331217941601
started,bundle,org.eclipse.jst.jsp.core,1.2.401.v201108302147,"org.eclipse.jst.jsp.core",1331217941617
started,bundle,org.eclipse.wst.wsdl.validation,1.1.502.v201104071820,"org.eclipse.wst.wsdl.validation",1331217941664
started,bundle,org.eclipse.wst.xsd.core,1.1.600.v201104070312,"org.eclipse.wst.xsd.core",1331217941680
started,bundle,org.eclipse.wst.wsi.ui,1.0.502.v201104071820,"org.eclipse.wst.wsi.ui",1331217941711
deactivated,workbench,org.eclipse.ui.workbench,3.7.0.I20110519-0100,"",1331218006329
activated,workbench,org.eclipse.ui.workbench,3.7.0.I20110519-0100,"",1331218016987
opened,editor,org.eclipse.php.ui,3.0.0.v20110516-1100,"org.eclipse.php.editor",1331218020398
activated,editor,org.eclipse.php.ui,3.0.0.v20110516-1100,"org.eclipse.php.editor",1331218020445
started,bundle,org.eclipse.jst.jsp.ui,1.1.601.v201108151912,"org.eclipse.jst.jsp.ui",1331218121064
started,bundle,org.eclipse.jst.jsf.common,1.2.3.v201104061039,"org.eclipse.jst.jsf.common",1331218121392
started,bundle,org.eclipse.jst.jsf.core,1.3.105.v201108261005,"org.eclipse.jst.jsf.core",1331218121392
started,bundle,org.eclipse.jst.jsf.facelet.ui,1.0.1.v201104032306,"org.eclipse.jst.jsf.facelet.ui",1331218121392
started,bundle,org.eclipse.jst.jsf.ui,1.3.2.v201104251204,"org.eclipse.jst.jsf.ui",1331218121392
started,bundle,org.eclipse.jst.jsf.facelet.core,1.0.100.v201104191527,"org.eclipse.jst.jsf.facelet.core",1331218121408
executed,command,org.eclipse.ui,3.7.0.I20110602-0100,"org.eclipse.ui.file.save",1331218138782
executed,command,org.eclipse.ui,3.7.0.I20110602-0100,"org.eclipse.ui.edit.cut",1331218254897
executed,command,org.eclipse.ui,3.7.0.I20110602-0100,"org.eclipse.ui.edit.paste",1331218258569
executed,command,org.eclipse.ui,3.7.0.I20110602-0100,"org.eclipse.ui.edit.cut",1331218264616
executed,command,org.eclipse.ui,3.7.0.I20110602-0100,"org.eclipse.ui.edit.paste",1331218267288
executed,command,org.eclipse.ui,3.7.0.I20110602-0100,"org.eclipse.ui.edit.delete",1331218270100
executed,command,org.eclipse.ui,3.7.0.I20110602-0100,"org.eclipse.ui.file.save",1331218279850
executed,command,org.eclipse.ui,3.7.0.I20110602-0100,"org.eclipse.ui.edit.delete",1331218294165
executed,command,org.eclipse.ui.workbench.texteditor,3.7.0.v20110505-0800,"org.eclipse.ui.edit.text.select.lineEnd",1331218297197
executed,command,org.eclipse.ui,3.7.0.I20110602-0100,"org.eclipse.ui.edit.delete",1331218297979
executed,command,org.eclipse.ui,3.7.0.I20110602-0100,"org.eclipse.ui.file.save",1331218300527
deactivated,workbench,org.eclipse.ui.workbench,3.7.0.I20110519-0100,"",1331218314218
activated,workbench,org.eclipse.ui.workbench,3.7.0.I20110519-0100,"",1331218405687
executed,command,org.eclipse.ui,3.7.0.I20110602-0100,"org.eclipse.ui.edit.cut",1331218425491
executed,command,org.eclipse.ui,3.7.0.I20110602-0100,"org.eclipse.ui.edit.paste",1331218429121
executed,command,org.eclipse.ui,3.7.0.I20110602-0100,"org.eclipse.ui.edit.delete",1331218443840
executed,command,org.eclipse.ui,3.7.0.I20110602-0100,"org.eclipse.ui.edit.delete",1331218443887
executed,command,org.eclipse.ui,3.7.0.I20110602-0100,"org.eclipse.ui.edit.delete",1331218444044
executed,command,org.eclipse.ui,3.7.0.I20110602-0100,"org.eclipse.ui.edit.delete",1331218444231
executed,command,org.eclipse.ui,3.7.0.I20110602-0100,"org.eclipse.ui.edit.delete",1331218444435
executed,command,org.eclipse.ui,3.7.0.I20110602-0100,"org.eclipse.ui.edit.delete",1331218445029
executed,command,org.eclipse.ui,3.7.0.I20110602-0100,"org.eclipse.ui.edit.delete",1331218460062
executed,command,org.eclipse.ui,3.7.0.I20110602-0100,"org.eclipse.ui.edit.delete",1331218460359
executed,command,org.eclipse.ui,3.7.0.I20110602-0100,"org.eclipse.ui.edit.delete",1331218461047
executed,command,org.eclipse.ui,3.7.0.I20110602-0100,"org.eclipse.ui.edit.delete",1331218461188
executed,command,org.eclipse.ui,3.7.0.I20110602-0100,"org.eclipse.ui.edit.delete",1331218461407
executed,command,org.eclipse.ui,3.7.0.I20110602-0100,"org.eclipse.ui.edit.delete",1331218461564
executed,command,org.eclipse.ui,3.7.0.I20110602-0100,"org.eclipse.ui.edit.delete",1331218461751
executed,command,org.eclipse.ui,3.7.0.I20110602-0100,"org.eclipse.ui.edit.delete",1331218467586
executed,command,org.eclipse.ui,3.7.0.I20110602-0100,"org.eclipse.ui.edit.delete",1331218469853
executed,command,org.eclipse.ui,3.7.0.I20110602-0100,"org.eclipse.ui.file.save",1331218472762
deactivated,workbench,org.eclipse.ui.workbench,3.7.0.I20110519-0100,"",1331218474591
activated,workbench,org.eclipse.ui.workbench,3.7.0.I20110519-0100,"",1331218507712
executed,command,org.eclipse.ui,3.7.0.I20110602-0100,"org.eclipse.ui.edit.delete",1331218514858
executed,command,org.eclipse.ui,3.7.0.I20110602-0100,"org.eclipse.ui.edit.delete",1331218514905
executed,command,org.eclipse.ui,3.7.0.I20110602-0100,"org.eclipse.ui.edit.delete",1331218515031
executed,command,org.eclipse.ui,3.7.0.I20110602-0100,"org.eclipse.ui.edit.delete",1331218515187
executed,command,org.eclipse.ui,3.7.0.I20110602-0100,"org.eclipse.ui.edit.delete",1331218515437
executed,command,org.eclipse.ui,3.7.0.I20110602-0100,"org.eclipse.ui.edit.delete",1331218515844
executed,command,org.eclipse.ui,3.7.0.I20110602-0100,"org.eclipse.ui.edit.delete",1331218516000
executed,command,org.eclipse.ui,3.7.0.I20110602-0100,"org.eclipse.ui.edit.delete",1331218516203
executed,command,org.eclipse.ui,3.7.0.I20110602-0100,"org.eclipse.ui.edit.delete",1331218516219
executed,command,org.eclipse.ui,3.7.0.I20110602-0100,"org.eclipse.ui.edit.delete",1331218516250
executed,command,org.eclipse.ui,3.7.0.I20110602-0100,"org.eclipse.ui.edit.undo",1331218518002
executed,command,org.eclipse.ui,3.7.0.I20110602-0100,"org.eclipse.ui.edit.undo",1331218518596
executed,command,org.eclipse.ui,3.7.0.I20110602-0100,"org.eclipse.ui.edit.undo",1331218518815
executed,command,org.eclipse.ui,3.7.0.I20110602-0100,"org.eclipse.ui.edit.undo",1331218519284
executed,command,org.eclipse.ui,3.7.0.I20110602-0100,"org.eclipse.ui.edit.undo",1331218519644
executed,command,org.eclipse.ui,3.7.0.I20110602-0100,"org.eclipse.ui.edit.undo",1331218520332
executed,command,org.eclipse.ui,3.7.0.I20110602-0100,"org.eclipse.ui.edit.undo",1331218520801
executed,command,org.eclipse.ui,3.7.0.I20110602-0100,"org.eclipse.ui.edit.undo",1331218521489
executed,command,org.eclipse.ui,3.7.0.I20110602-0100,"org.eclipse.ui.edit.undo",1331218521958
executed,command,org.eclipse.ui,3.7.0.I20110602-0100,"org.eclipse.ui.edit.undo",1331218522599
executed,command,org.eclipse.ui,3.7.0.I20110602-0100,"org.eclipse.ui.edit.delete",1331218537687
executed,command,org.eclipse.ui,3.7.0.I20110602-0100,"org.eclipse.ui.edit.delete",1331218537812
executed,command,org.eclipse.ui,3.7.0.I20110602-0100,"org.eclipse.ui.file.save",1331218540282
deactivated,workbench,org.eclipse.ui.workbench,3.7.0.I20110519-0100,"",1331218542674
activated,workbench,org.eclipse.ui.workbench,3.7.0.I20110519-0100,"",1331218613290
executed,command,org.eclipse.ui,3.7.0.I20110602-0100,"org.eclipse.ui.edit.delete",1331218674008
executed,command,org.eclipse.ui,3.7.0.I20110602-0100,"org.eclipse.ui.edit.delete",1331218674149
executed,command,org.eclipse.ui,3.7.0.I20110602-0100,"org.eclipse.ui.edit.delete",1331218674634
executed,command,org.eclipse.ui,3.7.0.I20110602-0100,"org.eclipse.ui.edit.delete",1331218676463
executed,command,org.eclipse.ui,3.7.0.I20110602-0100,"org.eclipse.ui.edit.delete",1331218676635
executed,command,org.eclipse.ui,3.7.0.I20110602-0100,"org.eclipse.ui.edit.delete",1331218676791
executed,command,org.eclipse.ui,3.7.0.I20110602-0100,"org.eclipse.ui.edit.delete",1331218677135
executed,command,org.eclipse.ui,3.7.0.I20110602-0100,"org.eclipse.ui.edit.delete",1331218680261
executed,command,org.eclipse.ui,3.7.0.I20110602-0100,"org.eclipse.ui.file.save",1331218685951
executed,command,org.eclipse.ui,3.7.0.I20110602-0100,"org.eclipse.ui.edit.delete",1331218690875
executed,command,org.eclipse.ui,3.7.0.I20110602-0100,"org.eclipse.ui.edit.delete",1331218692704
executed,command,org.eclipse.ui,3.7.0.I20110602-0100,"org.eclipse.ui.file.save",1331218705366
deactivated,workbench,org.eclipse.ui.workbench,3.7.0.I20110519-0100,"",1331218706914
activated,workbench,org.eclipse.ui.workbench,3.7.0.I20110519-0100,"",1331218706914
deactivated,workbench,org.eclipse.ui.workbench,3.7.0.I20110519-0100,"",1331218707117
activated,workbench,org.eclipse.ui.workbench,3.7.0.I20110519-0100,"",1331218766932
executed,command,org.eclipse.ui,3.7.0.I20110602-0100,"org.eclipse.ui.edit.cut",1331218798379
executed,command,org.eclipse.ui,3.7.0.I20110602-0100,"org.eclipse.ui.edit.paste",1331218801304
executed,command,org.eclipse.ui,3.7.0.I20110602-0100,"org.eclipse.ui.edit.delete",1331218803870
executed,command,org.eclipse.ui,3.7.0.I20110602-0100,"org.eclipse.ui.edit.delete",1331218806326
executed,command,org.eclipse.ui,3.7.0.I20110602-0100,"org.eclipse.ui.file.save",1331218808376
deactivated,workbench,org.eclipse.ui.workbench,3.7.0.I20110519-0100,"",1331218810785
activated,workbench,org.eclipse.ui.workbench,3.7.0.I20110519-0100,"",1331218810801
deactivated,workbench,org.eclipse.ui.workbench,3.7.0.I20110519-0100,"",1331218810910
activated,workbench,org.eclipse.ui.workbench,3.7.0.I20110519-0100,"",1331218951834
deactivated,workbench,org.eclipse.ui.workbench,3.7.0.I20110519-0100,"",1331218960032
activated,workbench,org.eclipse.ui.workbench,3.7.0.I20110519-0100,"",1331218960048
deactivated,workbench,org.eclipse.ui.workbench,3.7.0.I20110519-0100,"",1331218960142
activated,workbench,org.eclipse.ui.workbench,3.7.0.I20110519-0100,"",1331218961988
executed,command,org.eclipse.ui,3.7.0.I20110602-0100,"org.eclipse.ui.edit.delete",1331218965273
executed,command,org.eclipse.ui,3.7.0.I20110602-0100,"org.eclipse.ui.edit.delete",1331218965696
